{
  "baseline": {
    "accuracy": 0.9995435553526912,
    "precision": 0.9285714285714286,
    "recall": 0.7959183673469388,
    "f1": 0.8571428571428571,
    "auc_roc": 0.9745264928565687
  },
  "smote": {
    "accuracy": 0.9983497770443454,
    "precision": 0.5123456790123457,
    "recall": 0.8469387755102041,
    "f1": 0.6384615384615384,
    "auc_roc": 0.9717390508538812
  },
  "confusion_matrix": [
    [
      56785,
      79
    ],
    [
      15,
      83
    ]
  ]
}